Building ID,Impact value (m),Consequences value (€),Hazard scenario,Damage fraction,Exposed value (€)
6246202VP3164E,0.7304999828338623,3139601.180432082,flood_2100_tr500_chiqui,0.24106499433517456,13023878.432
6447801VP3164E,1.400647107292624,21577522.794609495,flood_2100_tr500_chiqui,0.46221354540656595,46683016.993
6447802VP3164E,0.5777499675750732,3103197.145141465,flood_2100_tr500_chiqui,0.1906574892997742,16276292.93
6447803VP3164E,0.983666737874349,3955363.58954886,flood_2100_tr500_chiqui,0.3246100234985352,12184970.59
6447804VP3164E,1.0110000371932983,1489764.6910060104,flood_2100_tr500_chiqui,0.33363001227378847,4465319.774
6447805VP3164E,1.4919999440511067,4064832.759477701,flood_2100_tr500_chiqui,0.4923599815368652,8255814.672
